Date;Sales;CostOfSales;Quantity Sold
2013/12/30;223937,97;230079,62;6827
2013/12/31;300345,48;306986,12;9268
2014/01/01;86782,47;87986,32;2678
2014/02/01;200173,12;202881,18;6175
2014/03/01;326906,07;333806,29;10084
2014/04/01;307043,94;313652,35;9470
2014/05/01;179188,88;183083,29;5524
2014/06/01;306351,95;313446,07;9448
2014/07/01;224020,41;229533,97;6911
2014/08/01;101836,4;99381,97;2990
2014/09/01;107804,3;104816,46;3159
2014/10/01;144829,96;141334;4246
2014/11/01;146571,48;143179,67;4297
2014/12/01;95422,37;93126,15;2796
2014/01/13;114883,17;112186,31;3369
2014/01/14;80090,8;78096,76;2348
2014/01/15;98945,37;97159;2903
2014/01/16;84904,9;83350,43;2491
2014/01/17;135460,62;132703,34;3968
2014/01/18;149925,75;146928,41;4393
2014/01/19;74297,31;72782,28;2176
2014/01/20;83356,42;81789,14;2443
2014/01/21;89922,01;88388,92;2638
2014/01/22;57806,3;57157,28;1704
2014/01/23;63977,75;62863,99;1872
2014/01/24;116958,8;114823,8;3423
2014/01/25;155272,82;152636,28;4544
2014/01/26;82885,22;81583,17;2426
2014/01/27;72353,43;71377,16;2117
2014/01/28;50415,9;49769,1;1476
2014/01/29;67458,3;66529,44;1974
2014/01/30;64640,37;63757,84;1892
2014/01/31;137693,87;135609,51;4030
2014/01/02;181209,13;178435,72;5304
2014/02/02;113433,58;111466,52;3320
2014/03/02;143192,53;140505,63;4191
2014/04/02;130126,65;128496,29;3809
2014/05/02;187155,87;195078,6;5764
2014/06/02;102314,71;101977,99;3028
2014/07/02;301553,84;313529,19;9284
2014/08/02;316073,18;329754,78;9737
2014/09/02;135178,04;141530,71;4163
2014/10/02;147727,52;154828,68;4552
2014/11/02;135498,75;139824,16;4172
2014/12/02;163432,85;166893,37;5037
2014/02/13;138291,63;141027,43;4259
2014/02/14;336901,37;343519,88;10381
2014/02/15;367729,27;373973,59;11332
2014/02/16;133913,84;136797,08;4127
2014/02/17;150800,35;152887,11;4649
2014/02/18;55591,93;53463,24;1627
2014/02/19;106427,19;107736,44;3281
2014/02/20;78940,55;75934,39;2310
2014/02/21;317916,32;322089,79;9802
2014/02/22;309217,88;320116,92;9772
2014/02/23;138491,55;140752,6;4270
2014/02/24;133146,22;134505,4;4106
2014/02/25;224994,66;227546,45;6937
2014/02/26;225051,59;228214,14;6934
2014/02/27;344299,68;365935,65;11082
2014/02/28;661876,5;686656,79;20805
2014/01/03;846678,39;872081,59;26410
2014/02/03;478902,3;495554,45;15004
2014/03/03;538827,2;557567,14;16884
2014/04/03;310346,12;323325,03;9789
2014/05/03;256390,52;267308,51;8079
2014/06/03;167803,66;168135,69;5072
2014/07/03;465318,02;483774,6;14551
2014/08/03;520146,75;541498,96;16262
2014/09/03;224699,25;233589,98;7014
2014/10/03;286230,68;297642,89;8932
2014/11/03;187143,02;191499,04;5737
2014/12/03;191700,39;197153,42;5903
2014/03/13;164663,97;168975,17;5056
2014/03/14;395941,35;406765,91;12167
2014/03/15;518183,21;534383,14;15971
2014/03/16;226617,95;233191,1;6968
2014/03/17;243707,87;250794,22;7494
2014/03/18;94849,74;90571,59;2707
2014/03/19;92386,78;88255,84;2637
2014/03/20;180394,83;172344,3;5149
2014/03/21;200939,69;192019,14;5735
2014/03/22;172953,92;165201,31;4936
2014/03/23;70194,8;67061,62;2003
2014/03/24;81378,21;77703,65;2323
2014/03/25;130227,01;127394,29;3822
2014/03/26;125310,04;122275,1;3666
2014/03/27;119452,34;118186,58;3543
2014/03/28;276174,77;271550,9;8130
2014/03/29;357369,27;352250,83;10518
2014/03/30;163865,49;160525,43;4791
2014/03/31;190719,61;187072,6;5583
2014/01/04;244535,21;239700,68;7155
2014/02/04;155620,5;153366,02;4575
2014/03/04;136001,98;134523,07;3997
2014/04/04;190559,89;187742,3;5558
2014/05/04;217110,5;213540,73;6320
2014/06/04;119190,1;116856,31;3447
2014/07/04;131910,2;130784,44;3854
2014/08/04;118921,31;115305,81;3394
2014/09/04;124828,28;121264,7;3563
2014/10/04;179326,49;183278,5;5380
2014/11/04;318949,82;326322,53;9573
2014/12/04;375031,11;383727,19;11250
2014/04/13;166393,54;170061,86;4990
2014/04/14;193652,33;198212,07;5810
2014/04/15;249805,52;255956,65;7497
2014/04/16;294023,41;301522,35;8821
2014/04/17;612236,01;627927,76;18366
2014/04/18;464815,52;476692,54;13940
2014/04/19;360480,94;369765,61;10814
2014/04/20;114279,58;117190,83;3429
2014/04/21;161170,82;165415,08;4834
2014/04/22;182483,15;187344,74;5475
2014/04/23;109358,41;106849,9;3121
2014/04/24;98430,11;96197,48;2809
2014/04/25;295741,35;292327,03;8537
2014/04/26;285053,98;281159,58;8209
2014/04/27;124964,8;123042,16;3592
2014/04/28;124175,81;122516,07;3576
2014/04/29;131842,57;130405,26;3807
2014/04/30;154850,06;150644,35;4398
2014/01/05;180294,27;175656,65;5124
2014/02/05;163849,04;157300,63;4581
2014/03/05;131436,79;127601,94;3697
2014/04/05;93082,04;91601,51;2642
2014/05/05;110887,01;109460,15;3154
2014/06/05;119385,58;115693,11;3324
2014/07/05;91719,59;93157,17;2677
2014/08/05;96335,45;93696,22;2683
2014/09/05;303226,3;325836,94;9328
2014/10/05;431695,71;465253,82;13306
2014/11/05;200407,28;215907,82;6173
2014/12/05;183413,71;197835,5;5653
2014/05/13;146166,6;157693,19;4503
2014/05/14;201120,73;218098,76;6253
2014/05/15;270123,55;289864,8;8408
2014/05/16;415315,38;441790,77;12949
2014/05/17;498717;526707,38;15508
2014/05/18;166433,17;174376,63;5141
2014/05/19;168520,63;175540,12;5194
2014/05/20;178123,53;187748,17;5550
2014/05/21;194878,8;204460,67;6070
2014/05/22;115475,1;115011,32;3421
2014/05/23;430521,02;449274,19;13384
2014/05/24;590642,83;614245,79;18356
2014/05/25;210764,72;217364,46;6500
2014/05/26;218189,35;225607,6;6752
2014/05/27;226132,46;234496,51;7023
2014/05/28;243720,87;252929,29;7579
2014/05/29;207429,43;215118,85;6448
2014/05/30;503149,43;521651,09;15637
2014/05/31;603748,79;626259,39;18775
2014/01/06;456017,46;473223,98;14188
2014/02/06;425845,2;442155,99;13256
2014/03/06;328217,77;340913,59;10223
2014/04/06;286406;296902,67;8904
2014/05/06;184989,89;192824,89;5783
2014/06/06;288118,3;300213,56;9005
2014/07/06;391930,88;407438,92;12222
2014/08/06;193772,58;201254,71;6037
2014/09/06;214177,98;220255,22;6607
2014/10/06;188334,52;195254,78;5857
2014/11/06;174324,99;180978,6;5429
2014/12/06;200271,56;207757,7;6232
2014/06/13;468701,63;486180,54;14585
2014/06/14;473425,75;492135,29;14745
2014/06/15;224232,12;233554,03;6991
2014/06/16;185606,28;193340,32;5788
2014/06/17;212687,51;221403,65;6632
2014/06/18;184259,69;192057,51;5752
2014/06/19;113735,82;119544,02;3578
2014/06/20;203165,08;205350,64;6119
2014/06/21;203345,24;206918,91;6161
2014/06/22;134944,49;135372,53;4015
2014/06/23;138298,21;139206,03;4133
2014/06/24;36692,68;35299,06;1047
2014/06/25;56077,54;53925,26;1601
2014/06/26;55780,71;53688,24;1592
2014/06/27;131721,24;127302,43;3759
2014/06/28;146169,08;141012,33;4172
2014/06/29;62073,59;60083,87;1772
2014/06/30;93619,85;90294,38;2672
2014/01/07;180183,03;173842,92;5143
2014/02/07;104760,71;101615,73;2990
2014/03/07;93450,53;90927,09;2667
2014/04/07;98087,56;95423,27;2799
2014/05/07;117562,26;114395,63;3355
2014/06/07;70153,08;68252,24;2002
2014/07/07;68918,42;66990,88;1967
2014/08/07;108417,4;105373,3;3094
2014/09/07;81802,61;79496,49;2335
2014/10/07;103998,56;101270,97;2968
2014/11/07;134018,09;130633,26;3825
2014/12/07;99277,3;96688,5;2833
2014/07/13;49705,23;48370,31;1419
2014/07/14;75384,57;73393,45;2151
2014/07/15;110288,23;107437,38;3148
2014/07/16;156536,69;164641,35;4825
2014/07/17;80823,06;78844,86;2307
2014/07/18;124615,69;121612,18;3557
2014/07/19;242758,95;255779,85;7485
2014/07/20;85078,24;83020,51;2428
2014/07/21;86738,07;84643,27;2475
2014/07/22;56673,62;55278,71;1618
2014/07/23;165742,17;173725,36;5106
2014/07/24;95618,25;92416,9;2729
2014/07/25;515698,8;538260,27;15897
2014/07/26;562590,37;586670,51;17343
2014/07/27;266305,93;277238,01;8207
2014/07/28;292634,75;304508,38;9018
2014/07/29;212360,99;221017,07;6548
2014/07/30;198019,33;205903,82;6102
2014/07/31;295508,33;307222,4;9108
2014/01/08;611894,67;636341,32;18867
2014/02/08;628685,22;653779,96;19384
2014/03/08;307272,68;319500,01;9473
2014/04/08;362106,53;376645,75;11170
2014/05/08;262349,59;272809,29;8091
2014/06/08;80697,9;77649,64;2303
2014/07/08;103272,62;99367,23;2947
2014/08/08;439421,42;456509,62;13542
2014/09/08;408616,35;424340,95;12588
2014/10/08;195866,77;203331,43;6032
2014/11/08;232347,35;241134,53;7158
2014/12/08;190325,18;197438,11;5863
2014/08/13;197698,12;205114,13;6092
2014/08/14;177908,84;184687,53;5485
2014/08/15;473321,88;491559,42;14587
2014/08/16;541600,89;562953,37;16686
2014/08/17;239513,98;249203,12;7380
2014/08/18;255224,22;265532,55;7864
2014/08/19;160372,04;167021,16;4941
2014/08/20;171587,33;174723,18;5151
2014/08/21;164208,06;167239,65;4928
2014/08/22;376778,84;384006,05;11309
2014/08/23;453633,47;463250,07;13613
2014/08/24;214392,4;218347,8;6424
2014/08/25;316404,06;323293,4;9493
2014/08/26;242824,5;259860,51;7619
2014/08/27;274712,25;304334,78;8909
2014/08/28;258066,17;287168,57;8400
2014/08/29;594007,21;660937,8;19317
2014/08/30;717096,71;797788,89;23310
2014/08/31;358171;398562,61;11646
2014/01/09;594953,63;662850,99;19366
2014/02/09;469469,94;523480,3;15291
2014/03/09;464067,8;517180,54;15100
2014/04/09;312311,95;348177,12;10164
2014/05/09;501279;558766,69;16310
2014/06/09;552703,9;616169,85;17985
2014/07/09;234153,76;261088,39;7620
2014/08/09;244481,5;272633,4;7958
2014/09/09;122749,64;120070,95;3503
2014/10/09;78736,4;77071,54;2247
2014/11/09;70875,11;69489,36;2023
2014/12/09;148634,39;145956,14;4242
2014/09/13;171724,83;168652,2;4901
2014/09/14;86435,7;84948,37;2467
2014/09/15;120236,18;118094,04;3432
2014/09/16;83204,2;81753,42;2375
2014/09/17;73768,03;72471,92;2105
2014/09/18;69425,45;68280,38;1982
2014/09/19;137154,95;135276,91;3915
2014/09/20;153569,06;151376,14;4383
2014/09/21;75633,32;74546,67;2159
2014/09/22;90815,93;89653,64;2592
2014/09/23;110118,16;108880,41;3143
2014/09/24;209908,38;223554,09;6457
2014/09/25;358365,68;382967,98;11039
2014/09/26;585464;625980,93;18036
2014/09/27;617019,09;661010,59;19017
2014/09/28;283850,6;304440,65;8747
2014/09/29;264317,11;283912,97;8147
2014/09/30;358024,98;384823,44;11036
2014/01/10;594438,28;639306,57;18330
2014/02/10;470507,66;506072,03;14503
2014/03/10;518693,53;557939,37;15986
2014/04/10;656245,83;705891,3;20223
2014/05/10;280055,12;301279,66;8631
2014/06/10;375648,02;404178,92;11579
2014/07/10;78111,72;74251,87;2127
2014/08/10;70509,13;67141,98;1923
2014/09/10;103281,31;98065,94;2809
2014/10/10;179841,43;170757,58;4891
2014/11/10;138038,24;131192,32;3758
2014/12/10;61037,56;57992,34;1661
2014/10/13;86799,76;82392,33;2360
2014/10/14;69570,5;66313,94;1894
2014/10/15;130476,36;124398,43;3548
2014/10/16;95229,77;91087,85;2591
2014/10/17;121057,86;116949,79;3293
2014/10/18;169498,92;164492,95;4611
2014/10/19;90692,38;87911,21;2468
2014/10/20;101723,92;98870,81;2773
2014/10/21;103395,69;100424,16;2815
2014/10/22;99075,6;96511,72;2701
2014/10/23;97476,14;94763,84;2651
2014/10/24;248974,65;241961,14;6781
2014/10/25;302721,68;294129,67;8249
2014/10/26;128520,73;124739,23;3502
2014/10/27;145185,27;140651,94;3949
2014/10/28;89527,56;87067,05;2435
2014/10/29;81991,88;80112,55;2232
2014/10/30;69704,49;68293,1;1898
2014/10/31;166652,39;163319,72;4537
2014/01/11;247453,1;242638,8;6730
2014/02/11;148476,18;145646,34;4038
2014/03/11;205368,92;201281,24;5581
2014/04/11;99244,68;90949,44;2519
2014/05/11;72756,86;67872,77;1847
2014/06/11;86867,46;84486,09;2309
2014/07/11;140167,8;136539,2;3722
2014/08/11;160727,3;156700,83;4268
2014/09/11;74115,63;71994,35;1968
2014/10/11;76103,29;73967,61;2016
2014/11/11;56303,37;54996,87;1497
2014/12/11;49436,82;48289,89;1314
2014/11/13;55033,12;53997,22;1466
2014/11/14;149808,17;146994,9;3984
2014/11/15;180685,51;176898,28;4802
2014/11/16;75871,44;73905,81;2017
2014/11/17;86313,33;84418,79;2297
2014/11/18;62631,8;61158,36;1665
2014/11/19;48529,1;47409,55;1291
2014/11/20;51040,88;50038,14;1361
2014/11/21;53973,92;47192,5;1281
2014/11/22;47497,98;41179,09;1122
2014/11/23;31219,95;26893,3;737
2014/11/24;26870,32;23516,04;641
2014/11/25;40530,64;35674,19;968
2014/11/26;30371,43;26054,85;709
2014/11/27;37776,66;32719,69;880
2014/11/28;46818,21;40652,58;1096
2014/11/29;88321,63;79880,24;2068
2014/11/30;101037,83;93177,88;2375
2014/01/12;105100,67;97257,39;2492
2014/02/12;88219,53;85533,43;2170
2014/03/12;71590,37;69654,93;1784
2014/04/12;54996,62;54503,03;1368
2014/05/12;77884,18;77619,29;1914
2014/06/12;150370,12;154998,83;3765
2014/07/12;104675,38;111903,74;2712
2014/08/12;90121,53;91081,67;2222
2014/09/12;75425,44;77014,26;1861
2014/10/12;161844,81;169348,52;4095
2014/11/12;158603,36;171692,99;4157
2014/12/12;279092,1;301236,11;7259
2014/12/13;369350,99;402564,68;9654
2014/12/14;177500,11;192327,32;4632
2014/12/15;282246,63;304489,64;7341
2014/12/16;166037,93;179571,13;4308
2014/12/17;148911;161137,52;3865
2014/12/18;202359,14;221435,77;5288
2014/12/19;274343,65;299516,84;7141
2014/12/20;316167,07;346378,3;8268
2014/12/21;173833,4;190644,5;4541
2014/12/22;204565,08;210188,91;5014
2014/12/23;316394,73;326627,14;7778
2014/12/24;486230,32;495909,09;11809
2014/12/25;137686,53;140525,79;3344
2014/12/26;48102,96;49028,37;1169
2014/12/27;110162,13;112383,56;2676
2014/12/28;69051,34;70482,72;1677
2014/12/29;133307,37;136003,48;3237
2014/12/30;216389,5;235723,76;5607
2014/12/31;365055,31;398013,35;9464
2015/01/01;112161,42;122170,43;2905
2015/02/01;271101,46;295019,47;7023
2015/03/01;245813,29;267734,73;6371
2015/04/01;178394,81;194427,45;4624
2015/05/01;220443,63;239988,03;5717
2015/06/01;181534,19;197328,94;4705
2015/07/01;83176,48;84728,83;2020
2015/08/01;76894,78;78468,1;1868
2015/09/01;123859,39;126444,14;3008
2015/10/01;120807,57;123392,8;2934
2015/11/01;69597,37;71051,36;1690
2015/12/01;84738,29;86467,54;2058
2015/01/13;64653,97;65980,42;1570
2015/01/14;59553,39;60703,36;1446
2015/01/15;79080,76;80337,75;1921
2015/01/16;149444,06;152030,99;3629
2015/01/17;170624,08;173547,03;4144
2015/01/18;74744,28;76003,93;1815
2015/01/19;90144,16;91110,97;2189
2015/01/20;97826,81;99134,31;2376
2015/01/21;62795,98;64144,09;1525
2015/01/22;66550,99;67952,15;1616
2015/01/23;154670,89;158031,79;3757
2015/01/24;158722,11;162082,42;3855
2015/01/25;78092,28;79795,04;1897
2015/01/26;91830,4;93808,09;2230
2015/01/27;76992,94;78614,46;1870
2015/01/28;59897,72;61194,18;1455
2015/01/29;57310,19;58531,41;1392
2015/01/30;134540,21;137221,54;3268
2015/01/31;200193,61;203814,74;4862
2015/01/02;171469,93;174652,46;4165
2015/02/02;151737,22;154148,6;3685
2015/03/02;102072,44;103634,96;2479
2015/04/02;82514,11;83232,39;2005
2015/05/02;46211,33;46407,3;1122
2015/06/02;85730,41;85765,71;2082
2015/07/02;105918,29;105662,56;2573
2015/08/02;73041,66;73046,23;1774
2015/09/02;97908,55;97097,94;2378
2015/10/02;138667,42;148522,85;3677
2015/11/02;162162,1;173661,83;4299
2015/12/02;138520,13;147756,34;3674
2015/02/13;358597,43;382447,08;9505
2015/02/14;424009,88;451548,03;11237
2015/02/15;203861,47;217065,62;5406
2015/02/16;220506,21;234723,22;5846
2015/02/17;139935,94;148697,54;3713
2015/02/18;161064,75;170739,37;4270
2015/02/19;144328,55;152824,11;3827
2015/02/20;293071,76;310240,38;7770
2015/02/21;267782,15;283430,34;7102
2015/02/22;136052,69;144020,12;3608
2015/02/23;86703,31;85730,97;2150
2015/02/24;95474,36;100867,52;2530
2015/02/25;198431,63;209499,79;5253
2015/02/26;157291,73;166305,04;4171
2015/02/27;307540,68;324997,34;8156
2015/02/28;350898,76;375030,64;9296
2015/01/03;256701,54;276569,25;6803
2015/02/03;234705,59;252709,82;6221
2015/03/03;249380,57;268761,83;6611
2015/04/03;258211,44;278825,61;6843
2015/05/03;145975,83;157578,01;3858
2015/06/03;269239,85;291365,02;7128
2015/07/03;306920,21;332242,41;8127
2015/08/03;122106,8;121394,81;2966
2015/09/03;117661,28;116861,16;2858
2015/10/03;62499,8;62073,87;1518
2015/11/03;57063,98;56638,28;1386
2015/12/03;48008,48;47681,67;1166
2015/03/13;117446,84;116681,14;2853
2015/03/14;150591,55;149573,83;3657
2015/03/15;67152,47;66802,98;1631
2015/03/16;80635,29;80121,29;1959
2015/03/17;50669,64;50308,96;1230
2015/03/18;48648,99;48362,07;1182
2015/03/19;43213,18;42981,22;1050
2015/03/20;96881,02;96453,29;2353
2015/03/21;121360,89;120829,29;2947
2015/03/22;66954,37;66756,38;1626
2015/03/23;81342,15;81132,01;1976
2015/03/24;125060,71;136375,15;3312
2015/03/25;253218,83;276194,83;6704
2015/03/26;229184,47;250361,15;6077
2015/03/27;354191,35;386464,65;9386
2015/03/28;459484,67;501362,57;12181
2015/03/29;224102,89;244359,81;5937
2015/03/30;215203,56;234819,45;5706
2015/03/31;355534,91;386988,91;9421
2015/01/04;498894,34;542483,84;13207
2015/02/04;715032,19;777522,19;18936
2015/03/04;510289,22;554159,82;13503
2015/04/04;400302,04;434872,73;10600
2015/05/04;135578,2;147335,93;3591
2015/06/04;182466,26;198405,23;4836
2015/07/04;176814,2;178390,15;4348
2015/08/04;100917,67;100579,13;2451
2015/09/04;74690,67;74427,59;1814
2015/10/04;114067,08;113653,97;2770
2015/11/04;126507,8;126043,77;3072
2015/12/04;79648,63;79349,4;1934
2015/04/13;83137,43;82700,35;2019
2015/04/14;40776,03;39940,2;979
2015/04/15;58278,46;56969,92;1398
2015/04/16;50000,1;48827,89;1198
2015/04/17;103911,92;101408,95;2485
2015/04/18;132843,22;129545,53;3172
2015/04/19;62786,61;61213,26;1497
2015/04/20;57233,41;55706,88;1365
2015/04/21;56874,35;55172,17;1353
2015/04/22;132737,74;140263,93;3439
2015/04/23;60310,34;58446,05;1434
2015/04/24;343587,01;362390,6;8892
2015/04/25;496882,32;535306,01;13144
2015/04/26;200369,83;210964,77;5179
2015/04/27;194028,06;204053,5;5014
2015/04/28;190560,58;200804,04;4936
2015/04/29;198985,4;209483,88;5150
2015/04/30;385482,87;406252,01;9986
2015/01/05;499703,41;526206,94;12937
2015/02/05;461667;496852,8;12217
2015/03/05;259541,61;273280,05;6721
2015/04/05;320309,27;336742,6;8283
2015/05/05;239923;251700,97;6191
2015/06/05;224994,2;242259,86;5959
2015/07/05;117197,97;115769,09;2848
2015/08/05;330589,2;355565,04;8748
2015/09/05;389972,12;419827,14;10329
2015/10/05;166536;179243,05;4410
2015/11/05;198442,91;213676,43;5257
2015/12/05;193182,15;208039,17;5118
2015/05/13;166403,13;179221,57;4410
2015/05/14;149178,6;160620,21;3952
2015/05/15;380592,58;409812,43;10084
2015/05/16;413700,18;445569,72;10964
2015/05/17;177159,67;190811,58;4695
2015/05/18;196420,76;211510,79;5205
2015/05/19;137940,87;147846,05;3638
2015/05/20;166176,28;178568,18;4394
2015/05/21;84604,38;81763,27;2012
2015/05/22;321821,02;346487,52;8526
2015/05/23;418715,41;450936,28;11096
2015/05/24;169541,27;182419,14;4489
2015/05/25;256434,51;276173,79;6795
2015/05/26;199385,91;214719,75;5283
2015/05/27;243554,22;262251,08;6453
2015/05/28;217746,01;234483,42;5770
2015/05/29;472160,75;508265,15;12507
2015/05/30;546135,46;588250,18;14475
2015/05/31;264637,37;284828,66;7009
2015/01/06;440906;474967,33;11688
2015/02/06;334318,9;360168,83;8863
2015/03/06;269835,83;290492,11;7148
2015/04/06;201146,49;216428,5;5326
2015/05/06;293461,08;315937,86;7775
2015/06/06;349413,01;376094,72;9255
2015/07/06;179602,92;193348,59;4758
2015/08/06;109810,55;106166,08;2613
2015/09/06;76956,92;74212,79;1830
2015/10/06;71199,59;68669,39;1694
2015/11/06;68988,35;66539,17;1642
2015/12/06;155156,88;149423,24;3690
2015/06/13;185109,52;178347,37;4404
2015/06/14;83779,54;80659,82;1992
2015/06/15;149501,57;143962,87;3557
2015/06/16;100477,3;96810,1;2395
2015/06/17;89072,71;85639,31;2120
2015/06/18;78746,6;75673,78;1875
2015/06/19;141913,38;136017,75;3376
2015/06/20;169304,28;162287,91;4027
2015/06/21;89512,24;85781,81;2128
2015/06/22;85984,08;82427,23;2046
2015/06/23;64956,46;62169,78;1546
2015/06/24;106613,43;113428,47;2822
2015/06/25;183843,82;195365,73;4865
2015/06/26;319579,79;339241,69;8450
2015/06/27;369245,76;392017,97;9770
2015/06/28;185648,49;197095,11;4914
2015/06/29;165557,76;175871,11;4385
2015/06/30;212465,08;225678,93;5627
2015/01/07;305231,91;324248,84;8086
2015/02/07;250481,62;266061,93;6639
2015/03/07;268410,48;284592,99;7104
2015/04/07;316365,5;335025,08;8364
2015/05/07;156873,04;165968,62;4146
2015/06/07;173987,75;184188,98;4601
2015/07/07;135753,77;143799,6;3593
2015/08/07;84426,51;84588,96;2114
2015/09/07;70815,19;71913,07;1797
2015/10/07;125983,15;127884,59;3195
2015/11/07;142378,18;143924,57;3595
2015/12/07;57427,68;58723,04;1467
2015/07/13;63331,33;64690,06;1610
2015/07/14;51241,03;52509,92;1307
2015/07/15;80326,44;81730,27;2050
2015/07/16;71912,57;73762,63;1849
2015/07/17;119204,31;122669,7;3070
2015/07/18;129441,28;132493,43;3322
2015/07/19;77645,75;79555,63;1982
2015/07/20;69926,65;71362,52;1787
2015/07/21;71973,04;73851,79;1846
2015/07/22;44304,9;45468,84;1142
2015/07/23;66799,72;69323,65;1734
2015/07/24;125689,59;130428,23;3259
2015/07/25;138624,95;143537,4;3572
2015/07/26;81715,05;85089,22;2109
2015/07/27;86842,86;90242,79;2242
2015/07/28;56976,79;59094,08;1474
2015/07/29;53433,67;55516,53;1381
2015/07/30;55134,08;57064,75;1423
2015/07/31;145033,61;149876,87;3740
2015/01/08;173306,91;178699,98;4453
2015/02/08;88154,34;90828,66;2258
2015/03/08;81142,03;83114,58;2074
2015/04/08;77672,88;80417,75;2007
2015/05/08;75483,42;78024,28;1948
2015/06/08;74354,57;76978,31;1922
2015/07/08;120326,88;123707,76;3088
2015/08/08;131867,99;135721,43;3388
2015/09/08;75504;77978,69;1944
2015/10/08;69968,08;72665,73;1812
2015/11/08;60187,15;62538,49;1563
2015/12/08;44698,7;46849,57;1171
2015/08/13;39463,41;41414,42;1035
2015/08/14;85794,1;89898,89;2247
2015/08/15;117288,01;122504,36;3068
2015/08/16;71056,06;74589,17;1866
2015/08/17;64394,07;67505,25;1690
2015/08/18;35165,97;36841,97;922
2015/08/19;23234,18;24104,09;604
2015/08/20;24754,96;25407,17;643
2015/08/21;76691,28;78691,96;2006
2015/08/22;102231,21;104713,01;2677
2015/08/23;56974,87;57548,99;1467
2015/08/24;59442,73;59785,43;1528
2015/08/25;217683,36;246975,73;6360
2015/08/26;275458,81;307092,27;8035
2015/08/27;228731,87;252845,45;6675
2015/08/28;387639,12;426783,3;11330
2015/08/29;461188;504578,19;13484
2015/08/30;202249,68;220152,19;5913
2015/08/31;332559,77;361970,29;9721
2015/01/09;384806,77;418101,6;11257
2015/02/09;345776,25;373816,17;10102
2015/03/09;271551,1;293343,87;7938
2015/04/09;340440,21;366359,66;9936
2015/05/09;364416,73;392128,3;10643
2015/06/09;164719,6;176647,84;4800
2015/07/09;178921,1;192507,53;5228
2015/08/09;70287;66639,7;1810
2015/09/09;76013,68;72211,1;1961
2015/10/09;48406,79;45316,54;1232
2015/11/09;85940,03;81559,85;2194
2015/12/09;57381,75;54340,89;1469
2015/09/13;32479,8;30763,69;829
2015/09/14;52160,18;49656,01;1329
2015/09/15;51002,84;48601,97;1300
2015/09/16;30194,72;28605,46;773
2015/09/17;29751,22;28084,24;760
2015/09/18;68504,64;64881,98;1755
2015/09/19;68996,56;65211,57;1766
2015/09/20;41855,93;39629,45;1078
2015/09/21;44303,47;41485,46;1124
2015/09/22;46599,3;43806,73;1182
2015/09/23;125182,76;138583,84;3725
2015/09/24;150036,81;167704,86;4492
2015/09/25;368037,69;413540,81;11030
2015/09/26;351319,64;397626,59;10528
2015/09/27;163289,94;185404,04;4895
2015/09/28;190892,46;216571,06;5720
2015/09/29;143082,13;162929,02;4288
2015/09/30;323548,79;368434,89;9693
2015/01/10;402312,33;459285,8;12065
2015/02/10;393635,17;448390,97;11758
2015/03/10;451100,06;515549,39;13508
2015/04/10;202902,62;232360,33;6085
2015/05/10;294557,65;336897,92;8828
2015/06/10;221618,33;253291,06;6636
2015/07/10;63968,38;61942,84;1622
2015/08/10;59609,54;57736,48;1512
2015/09/10;126588,25;122622,36;3211
2015/10/10;119755,01;116003,69;3037
2015/11/10;57413,41;55617,58;1456
2015/12/10;57749,14;55933,01;1465
2015/10/13;40140,82;38881,09;1018
2015/10/14;42195,82;40869,25;1070
2015/10/15;53490,8;51799,17;1357
2015/10/16;110809,32;107331,98;2810
2015/10/17;111527,01;108023,61;2829
2015/10/18;59808,14;57937,46;1517
2015/10/19;55166,23;53436,9;1399
2015/10/20;42054,68;40736,15;1067
2015/10/21;53678,18;51999,86;1361
2015/10/22;55930,17;54177,69;1419
2015/10/23;185771;192527,01;5042
2015/10/24;253116,91;262409,57;6872
2015/10/25;118618,45;122915,27;3218
2015/10/26;123320,78;128133,78;3347
2015/10/27;117051,28;122175;3177
2015/10/28;159299,99;174699,08;4532
2015/10/29;119047,41;124349,27;3231
2015/10/30;285081,97;297627,69;7731
2015/10/31;391656,21;429832,83;11148
2015/01/11;274814,78;287978,17;7459
2015/02/11;269555,02;281915,19;7316
2015/03/11;192001,03;201125,78;5211
2015/04/11;201367,79;220580;5731
2015/05/11;111874,56;116637,03;3036
2015/06/11;214540,33;223738,43;5822
2015/07/11;280264,24;306935,16;7987
2015/08/11;134136,73;140236,3;3640
2015/09/11;94243,47;89949,3;2338
2015/10/11;131436,2;143823,39;3744
2015/11/11;147893,94;161665,6;4216
2015/12/11;140238,39;153481,45;4000
2015/11/13;358183,77;391310,32;10204
2015/11/14;377937,14;413010,23;10769
2015/11/15;168729,96;184673,49;4803
2015/11/16;177192,57;193615,3;5042
2015/11/17;152368,75;166625,37;4342
2015/11/18;147471,8;161402,92;4202
2015/11/19;145697,15;159317,61;4151
2015/11/20;301033,99;328965,14;8567
2015/11/21;309518,07;338720,02;8811
2015/11/22;152504,63;167600,65;4345
2015/11/23;79711,58;74375,79;1937
2015/11/24;111021,38;121456,52;3160
2015/11/25;243161,26;266054,37;6924
2015/11/26;311443,18;355343,87;9273
2015/11/27;375876,01;431325,69;11257
2015/11/28;434639,66;498895,62;13019
2015/11/29;238637,82;274093,58;7139
2015/11/30;260653,67;283981,15;7423
2015/01/12;262394,78;285838,56;7474
2015/02/12;248437,71;269807,62;7056
2015/03/12;201048,83;219110,39;5732
2015/04/12;317690,76;345449,53;9038
2015/05/12;378527,87;410385,04;10737
2015/06/12;195425,39;210461,39;5505
2015/07/12;90441,6;83999,59;2198
2015/08/12;117649;121640,38;3190
2015/09/12;141285,4;145443,05;3814
2015/10/12;133183,69;137725,88;3610
2015/11/12;229672,26;237672,02;6227
2015/12/12;333488,8;359621,07;9422
2015/12/13;185422,89;191390,4;5014
2015/12/14;173833,13;179871,05;4715
2015/12/15;220271,72;237123,34;6212
2015/12/16;234468,07;251493,91;6585
2015/12/17;213778,14;230994,36;6051
2015/12/18;273563,01;295854,55;7750
2015/12/19;337506,79;362223,16;9490
2015/12/20;155312,78;167421,97;4382
2015/12/21;289243,38;312784,97;8196
2015/12/22;313125,33;338299,62;8863
2015/12/23;268330,39;249584,22;6534
2015/12/24;392228,14;364396,19;9540
2015/12/25;133728,98;124363,56;3256
2015/12/26;82778,44;76876,49;2013
2015/12/27;69522,84;64616,08;1692
2015/12/28;133021,27;123500,79;3234
2015/12/29;161267,52;175378,15;4592
2015/12/30;208583,22;227060,26;5945
2015/12/31;325457,53;353929,74;9266
2016/01/01;111650,24;121448,28;3179
2016/02/01;262421,28;285675,85;7479
2016/03/01;164527,54;179308,95;4694
2016/04/01;274990,15;299576,24;7843
2016/05/01;215737,84;234642,09;6150
2016/06/01;98646,98;91610,56;2401
2016/07/01;74401,22;68988,86;1808
2016/08/01;106592,34;99021,68;2594
2016/09/01;134629,66;124963,47;3274
2016/10/01;90773,65;84299,29;2207
2016/11/01;121373,07;112550,43;2949
2016/12/01;99445,56;92226,52;2417
2016/01/13;67587,55;62760,36;1644
2016/01/14;61685,94;57191,44;1499
2016/01/15;150006,93;139244,9;3648
2016/01/16;191287,35;177577,29;4652
2016/01/17;92595,46;86018,19;2252
2016/01/18;96947,05;89961,36;2357
2016/01/19;70512,89;65453,28;1715
2016/01/20;159590,49;182351,14;4776
2016/01/21;67046,27;61894,26;1628
2016/01/22;266949,24;294322,93;7806
2016/01/23;315272,22;346093,07;9210
2016/01/24;149138,92;163505,71;4351
2016/01/25;215171,04;234621,6;6278
2016/01/26;205197,9;221931,58;5992
2016/01/27;214452,25;231730,23;6265
2016/01/28;195767,97;210639,85;5723
2016/01/29;397984,33;437198,93;11900
2016/01/30;512603,1;561872,21;15345
2016/01/31;218104,07;238662,19;6525
2016/01/02;339004,34;371177,19;10153
2016/02/02;278116,37;295645,63;8116
2016/03/02;264159,3;280392,27;7712
2016/04/02;197778,13;209372,29;5759
2016/05/02;325749,01;345287,81;9501
2016/06/02;371561,98;393884,43;10840
2016/07/02;174581,68;185040,82;5089
2016/08/02;208489,37;221372,84;6087
2016/09/02;84495,17;74682,27;2053
2016/10/02;76661,25;66379,56;1825
2016/11/02;64034,94;55491,34;1525
2016/12/02;148839,97;129583,49;3542
2016/02/13;172541,51;150538,98;4105
2016/02/14;87991,66;76378,5;2094
2016/02/15;123445,38;108669,23;2940
2016/02/16;77344,69;68269,25;1841
2016/02/17;158963,02;167521,53;4529
2016/02/18;69598,07;61492,97;1658
2016/02/19;161275,6;143446,36;3841
2016/02/20;325215,08;345446;9260
2016/02/21;96957,3;86455,49;2308
2016/02/22;85224,48;75960,72;2028
2016/02/23;54612,88;49071,8;1301
2016/02/24;81530,61;81738,06;2213
2016/02/25;160947,53;162597,5;4404
2016/02/26;188736,25;183103,23;4935
2016/02/27;215951,51;210032,79;5609
2016/02/28;134995,85;129938,71;3452
2016/02/29;163079,38;160332,59;4270
2016/01/03;180828,67;182962,34;4719
2016/02/03;171196,18;174428,68;4451
2016/03/03;129719,05;131961,93;3364
2016/04/03;142127,64;144039,41;3665
2016/05/03;152124,41;153377,51;3889
2016/06/03;74132,79;74332,28;1882
2016/07/03;91143,03;95167,53;2405
2016/08/03;60528,09;62342,88;1577
2016/09/03;38340,6;35918,34;913
2016/10/03;37453,01;35108,2;892
2016/11/03;77997,05;73051,68;1855
2016/12/03;79752,28;74962,82;1897
2016/03/13;37155,59;34962,83;883
2016/03/14;45046,51;42368,05;1071
2016/03/15;55489,33;52263,06;1320
2016/03/16;41893,3;39495,46;997
2016/03/17;34348,5;32292,84;817
2016/03/18;78276,83;73746,76;1866
2016/03/19;92851,4;87451,57;2211
2016/03/20;54845,79;51625,51;1304
2016/03/21;48037,8;45187,64;1143
2016/03/22;65905,72;62023,88;1573
2016/03/23;84870,05;81472,83;2065
2016/03/24;262459,51;259298,46;6588
2016/03/25;228124,4;222208,35;5652
2016/03/26;162929,49;161434,82;4103
2016/03/27;58359,83;57681,57;1466
2016/03/28;85605,33;85022,38;2162
2016/03/29;84836,41;84595,22;2155
2016/03/30;64308,91;68427,59;1746
2016/03/31;131168,49;138589,1;3554
2016/01/04;232410,2;245358,63;6282
2016/02/04;195831,1;205442,83;5259
2016/03/04;90716,55;95543,13;2446
2016/04/04;131638,02;130700,19;3345
2016/05/04;81910,87;79969,51;2048
2016/06/04;54821,91;50800,01;1303
2016/07/04;155615,42;171592,13;4413
2016/08/04;264086,89;291378,58;7494
2016/09/04;272761,3;298164,42;7738
2016/10/04;104689,43;113609,3;2958
2016/11/04;131170,6;142022,81;3713
2016/12/04;123179,49;132714,96;3504
2016/04/13;124431,05;132889,06;3534
2016/04/14;162166,84;172225,65;4601
2016/04/15;354042,02;373200,31;10045
2016/04/16;327352,26;345338,63;9301
2016/04/17;164809,3;175167,43;4678
2016/04/18;151157,79;159828,77;4294
2016/04/19;126895,94;133726,28;3606
2016/04/20;166395,45;179020,54;4838
2016/04/21;167796,35;182485,1;4914
2016/04/22;351146,02;380098,16;10269
2016/04/23;420738,82;455415,35;12317
2016/04/24;186166,15;202391,18;5453
2016/04/25;251449,53;273255,1;7372
2016/04/26;280321,81;302469,83;8211
2016/04/27;313434,93;337931,12;9182
2016/04/28;257324,6;276852,18;7520
2016/04/29;455554,34;489215,07;13321
2016/04/30;556865,2;598925,67;16276
2016/01/05;354856,04;380511,16;10388
2016/02/05;283284,58;304997,85;8298
2016/03/05;297500,67;319786,36;8717
2016/04/05;285968,49;305507;8364
2016/05/05;237946,63;254527,42;6968
2016/06/05;340851,51;364361,03;9973
2016/07/05;388187,6;414644,62;11363
2016/08/05;139178,98;148731,09;4074
2016/09/05;66400,3;57741,74;1579
2016/10/05;42723,52;37112,99;1016
2016/11/05;35014,4;30393,74;832
2016/12/05;27210,41;23570,16;647
2016/05/13;79840,09;69078,71;1898
2016/05/14;82484,45;71426,01;1961
2016/05/15;51497,24;44611,94;1224
2016/05/16;42871,83;37139,31;1019
2016/05/17;39104,64;33890,36;930
2016/05/18;34406,75;29884,33;818
2016/05/19;39403,66;34229,63;937
2016/05/20;96830,9;83926;2302
2016/05/21;99380,39;86179,51;2363
2016/05/22;61656,18;53463,73;1466
2016/05/23;69163,56;59948,44;1644
2016/05/24;113112,87;117414,7;3224
2016/05/25;253686,3;268974,57;7392
2016/05/26;210305,29;223289,08;6138
2016/05/27;364087,42;386499,9;10624
2016/05/28;397480,37;421674,1;11590
2016/05/29;204028,18;216777,32;5959
2016/05/30;172797,94;183715,81;5048
2016/05/31;258970,65;274386,02;7542
2016/01/06;368789,57;391923,66;10761
2016/02/06;278071,39;295548,24;8120
2016/03/06;373959,36;396324,18;10896
2016/04/06;402057,25;426466,13;11726
2016/05/06;205719,45;218408,18;6007
2016/06/06;177626,95;188629,75;5185
2016/07/06;70441,91;60910,75;1675
2016/08/06;162923,85;173292,68;4765
2016/09/06;138752,53;143791,48;3953
2016/10/06;252458,26;261502,38;7190
2016/11/06;293917,85;311853,52;8577
2016/12/06;138350,12;143346,67;3943
2016/06/13;130067,28;134950,57;3707
2016/06/14;107168,66;111173,16;3054
2016/06/15;224030,55;237934,73;6541
2016/06/16;201918,22;209095,57;5749
2016/06/17;329344,27;341253,33;9385
2016/06/18;308642,98;327672,04;9012
2016/06/19;134472,41;139385,88;3831
2016/06/20;143809,72;148953,91;4097
2016/06/21;123252,15;127533,01;3509
2016/06/22;40067,15;34559,08;953
2016/06/23;143752,74;155659,53;4305
2016/06/24;389904,01;422372,58;11667
2016/06/25;461280,79;498910,33;13793
2016/06/26;221578,7;240449,62;6641
2016/06/27;253702,22;274426,08;7593
2016/06/28;200616,08;217104,58;6007
2016/06/29;211700,81;229023,81;6345
2016/06/30;282757,71;305894,18;8482
2016/01/07;479010,16;517742,19;14344
2016/02/07;454543,29;490487,02;13609
2016/03/07;242185,18;261534,91;7259
2016/04/07;281531,69;304052,48;8431
2016/05/07;219363,22;237026,35;6577
2016/06/07;204005,58;219722,9;6098
2016/07/07;69579,07;59598,92;1654
2016/08/07;87184,74;74654,52;2073
2016/09/07;78700,44;67367,38;1871
2016/10/07;39809,56;34091,57;946
2016/11/07;45839,24;39231,2;1090
2016/12/07;36851,76;31574,33;876
2016/07/13;33225,67;28489,08;790
2016/07/14;30423,39;26053,8;723
2016/07/15;80345,64;68788,09;1910
2016/07/16;95297,34;81655,86;2266
2016/07/17;45324,05;38809,81;1078
2016/07/18;51604,12;44222,78;1227
2016/07/19;37870,12;32436,8;900
2016/07/20;42723,52;36607,39;1016
2016/07/21;35169,92;30133,32;836
2016/07/22;61148,21;52384,45;1454
2016/07/23;77171,7;66113,83;1835
2016/07/24;40881,35;35019,11;972
2016/07/25;43085,6;36887,37;1024
2016/07/26;43894,99;37604,66;1044
2016/07/27;67780,73;58196,15;1611
2016/07/28;51907,94;44544,63;1234
2016/07/29;93508,63;80346,69;2223
2016/07/30;95343,6;81874,29;2267
2016/07/31;59514,99;51145,4;1415
2016/01/08;65133,97;55946,06;1548
2016/02/08;70641,25;60629,55;1679
2016/03/08;48442,17;41610,78;1152
2016/04/08;46291,37;39783,36;1101
2016/05/08;73453,14;63386,49;1746
2016/06/08;71508,9;61500,57;1700
2016/07/08;30066,13;25872,49;715
2016/08/08;37726,62;32490,14;897
2016/09/08;30831,69;26577,08;733
2016/10/08;146811,46;155135,63;4282
2016/11/08;99867,33;103826,7;2867
2016/12/08;210664,86;220379,28;6082
2016/08/13;266271,04;281658,42;7771
2016/08/14;123084,04;129601,53;3576
2016/08/15;162727,52;168580,17;4649
2016/08/16;114708,95;119758,06;3302
2016/08/17;122318,91;128298,34;3536
2016/08/18;112010,34;117374,19;3236
2016/08/19;229861,47;241090,13;6646
2016/08/20;249981,25;262145,18;7220
2016/08/21;136480,25;143734,23;3958
2016/08/22;127369,8;133350,16;3672
2016/08/23;43537,73;37649,39;1035
2016/08/24;120407,41;127699,42;3549
2016/08/25;226375,54;240429,69;6647
2016/08/26;337900,18;358772,25;9908
2016/08/27;355069,54;376755,56;10393
2016/08/28;153893,69;163401,33;4507
2016/08/29;159625,74;169479,11;4672
2016/08/30;133961,97;142299,92;3924
2016/08/31;236305,16;250572,45;6918
2016/01/09;313491,74;333030,88;9183
2016/02/09;370355;392493,08;10830
2016/03/09;369091,06;391842,5;10800
2016/04/09;209026,02;222163,73;6119
2016/05/09;228177,32;242589,59;6685
2016/06/09;154494,78;164108,83;4519
2016/07/09;50736,47;43830,2;1206
2016/08/09;43292,15;37391,68;1029
2016/09/09;77335,92;69612,13;1917
2016/10/09;85070,23;76591,85;2108
2016/11/09;48831,67;44014,23;1211
2016/12/09;52075,16;46884,14;1291
2016/09/13;30424,73;27398,59;755
2016/09/14;20495,11;18375,05;508
2016/09/15;40742,17;36464,76;1010
2016/09/16;69864,84;62545,19;1733
2016/09/17;100120,71;89572,41;2482
2016/09/18;49825,1;44593,8;1235
2016/09/19;46566,46;41660,44;1155
2016/09/20;37923,77;34031,15;940
2016/09/21;50084,81;44832,21;1241
2016/09/22;41885,83;37565,48;1039
2016/09/23;147503,57;131964,52;3657
2016/09/24;151639,18;135498,16;3758
2016/09/25;72457,3;64758,5;1797
2016/09/26;67355,06;60179,02;1671
2016/09/27;58941,79;52812,78;1462
2016/09/28;58796,79;57168,56;1581
2016/09/29;57019,39;55187,38;1534
2016/09/30;155918,38;151036,45;4216
2016/01/10;208489,09;201416,84;5632
2016/02/10;118580,47;113346,96;3173
2016/03/10;142758,88;126506,34;3540
2016/04/10;96620,99;85491,83;2397
2016/05/10;78861,59;69675,43;1955
2016/06/10;70279,47;61976,31;1740
2016/07/10;87748,86;77446,61;2176
2016/08/10;92053,33;81209,25;2283
2016/09/10;51751,38;45607,23;1284
2016/10/10;50934,98;44983,78;1263
2016/11/10;36113,93;31885,29;896
2016/12/10;31023,36;27817,64;768
2016/10/13;22334,21;19704,09;521
2016/10/14;69440,93;62070,75;1618
2016/10/15;92159,03;83371,82;2147
2016/10/16;57296,29;52701,29;1335
2016/10/17;57184,94;51764,94;1332
2016/10/18;40951,1;37288,62;954
2016/10/19;37672,45;33678,46;877
2016/10/20;38648,14;35038,07;906
2016/10/21;96020,55;86810,28;2249
2016/10/22;105662,59;95930,02;2472
2016/10/23;54738,48;49990,52;1280
2016/10/24;40131,57;36347,7;940
2016/10/25;70402,99;63452,76;1650
2016/10/26;62501,74;56100,87;1467
2016/10/27;53675,22;48201,94;1257
2016/10/28;102606,33;92657,7;2405
2016/10/29;124988,16;113187,85;2929
2016/10/30;67521,04;61233,72;1582
2016/10/31;70020,6;62316,15;1639
2016/01/11;126954,17;110698,74;2971
2016/02/11;97558,25;86203,88;2284
2016/03/11;97039,01;89413,42;2266
2016/04/11;168349,27;156675,59;3938
2016/05/11;202017,42;189394,69;4720
2016/06/11;108459;102250,17;2537
2016/07/11;112536,38;105978,48;2621
2016/08/11;100479,93;94692,48;2341
2016/09/11;81649,69;77081,66;1901
2016/10/11;71529,16;67551,25;1666
2016/11/11;160938,6;152555,42;3748
2016/12/11;164998,84;156263,15;3843
2016/11/13;97946,78;93112,61;2281
2016/11/14;87834,25;83068,27;2046
2016/11/15;95509,13;88104,2;2181
2016/11/16;77229,97;71428,87;1763
